ticker,date,ret,ret_raw,rs,tier,is_vcp,dist
NVDA,2020-11-16,9.75,9.75,99,B,False,-7.2
NVDA,2020-12-16,-8.0,-2.96,98,B,False,-9.0
NVDA,2021-01-19,-8.0,16.52,94,C,False,-10.5
NVDA,2021-02-18,-8.0,-5.11,82,B,False,-3.3
NVDA,2021-04-20,-8.0,22.71,75,B,False,-6.0
NVDA,2021-06-18,17.52,17.52,89,B,False,-0.1
NVDA,2021-07-20,19.42,19.42,77,C,False,-10.1
NVDA,2021-10-18,16.58,16.58,75,B,False,-2.7
NVDA,2021-11-16,-8.0,-12.21,99,A,False,-2.0
NVDA,2021-12-16,-8.0,-6.8,98,C,False,-14.9
NVDA,2022-01-18,-8.0,-14.29,91,C,False,-22.4
NVDA,2022-02-16,-8.0,-36.1,99,C,False,-20.6
NVDA,2022-03-18,-8.0,-39.96,98,C,False,-20.7
NVDA,2023-03-21,64.32,64.32,93,C,False,-21.4
NVDA,2023-04-20,63.49,63.49,99,C,True,-18.7
NVDA,2023-05-19,50.24,50.24,99,A,False,-3.5
NVDA,2023-06-21,-1.86,-1.86,99,A,False,-1.7
NVDA,2023-07-21,-4.98,-4.98,99,B,False,-6.7
NVDA,2023-08-21,-8.0,4.97,99,A,False,-1.1
NVDA,2023-09-20,17.45,17.45,99,C,False,-14.4
NVDA,2023-10-19,41.71,41.71,99,C,False,-14.7
NVDA,2023-11-17,36.88,36.88,99,A,False,-0.7
NVDA,2023-12-19,84.34,84.34,99,A,False,-1.6
NVDA,2024-01-22,33.3,33.3,99,A,False,0.0
NVDA,2024-02-21,41.38,41.38,99,B,False,-8.7
NVDA,2024-03-21,-8.0,38.44,99,A,False,-1.3
NVDA,2024-04-22,54.18,54.18,99,C,False,-16.3
NVDA,2024-06-21,-8.0,-8.34,99,B,False,-6.6
NVDA,2024-07-23,-8.0,17.24,99,B,False,-9.6
NVDA,2024-08-21,-8.0,14.41,99,B,False,-5.2
NVDA,2024-09-20,12.66,12.66,99,C,False,-14.4
NVDA,2024-10-21,-8.0,2.45,99,A,False,0.0
NVDA,2024-11-19,-8.0,-11.37,99,A,False,-1.3
NVDA,2024-12-19,-8.0,-7.64,99,C,False,-12.2
NVDA,2025-01-23,-8.0,-27.7,99,A,False,-1.5
NVDA,2025-02-24,-8.0,0.78,84,C,False,-12.8
NVDA,2025-07-25,5.0,5.0,81,A,True,-0.1
NVDA,2025-08-25,-0.51,-0.51,73,A,True,-1.8
NVDA,2025-09-24,6.92,6.92,76,B,False,-3.6
AAPL,2020-10-16,-8.0,7.59,86,C,False,-11.3
AAPL,2020-11-16,7.98,7.98,83,C,False,-10.2
AAPL,2020-12-16,-8.0,-5.98,83,A,True,-4.6
AAPL,2021-01-19,-8.0,4.29,77,B,False,-6.5
MSFT,2023-11-17,8.94,8.94,71,B,False,-1.7
MSFT,2024-01-22,1.31,1.31,73,B,False,-0.5
AMZN,2020-10-16,-8.0,-4.64,86,B,False,-7.3
AMZN,2020-11-16,6.3,6.3,74,C,False,-11.3
AMZN,2020-12-16,-8.0,-5.12,74,B,True,-8.2
AMZN,2023-11-17,16.12,16.12,71,B,False,-0.4
AMZN,2023-12-19,15.84,15.84,75,B,False,-0.2
AMZN,2024-01-22,14.5,14.5,71,B,False,-0.4
AMZN,2024-02-21,8.64,8.64,75,B,False,-3.4
AMZN,2024-03-21,6.14,6.14,72,A,True,-0.3
AMZN,2024-04-22,5.18,5.18,77,B,False,-6.3
GOOGL,2021-04-20,10.76,10.76,71,B,False,-0.5
GOOGL,2021-06-18,17.22,17.22,70,A,True,-1.9
GOOGL,2021-07-20,13.13,13.13,70,A,True,-1.6
GOOGL,2021-09-17,2.59,2.59,80,B,False,-3.0
GOOGL,2021-10-18,-4.75,-4.75,77,B,False,-1.7
GOOGL,2025-09-24,27.28,27.28,79,B,False,-3.0
META,2023-05-19,18.02,18.02,99,C,False,-29.1
META,2023-06-21,6.4,6.4,99,C,False,-15.8
META,2023-07-21,6.3,6.3,99,B,False,-6.9
META,2023-08-21,15.57,15.57,99,C,False,-10.9
META,2023-09-20,16.92,16.92,99,B,True,-7.9
META,2023-10-19,22.05,22.05,99,A,False,-4.6
META,2023-11-17,39.84,39.84,99,A,False,-0.4
META,2023-12-19,45.08,45.08,99,A,False,0.0
META,2024-01-22,26.31,26.31,99,A,False,-0.4
META,2024-02-21,-8.0,-0.73,99,A,False,-3.2
META,2024-03-21,-8.0,-2.46,99,A,False,-0.9
META,2024-04-22,-8.0,1.55,99,B,False,-8.6
META,2024-05-21,15.29,15.29,84,C,False,-11.9
META,2024-07-23,17.81,17.81,73,B,False,-9.5
META,2024-08-21,4.95,4.95,76,B,False,-0.9
META,2024-09-20,6.18,6.18,77,B,False,0.0
META,2024-10-21,10.75,10.75,70,B,False,-3.5
META,2024-11-19,19.17,19.17,70,B,False,-5.8
META,2024-12-19,5.26,5.26,77,B,False,-5.8
META,2025-01-23,-8.0,-16.16,74,B,False,0.0
META,2025-07-25,3.06,3.06,70,B,False,-3.4
AVGO,2020-10-16,-8.0,22.32,72,B,False,-1.0
AVGO,2021-01-19,-8.0,0.34,78,B,False,0.0
AVGO,2021-02-18,-8.0,-7.88,80,A,True,-1.2
AVGO,2021-03-19,-8.0,-2.31,89,B,False,-2.4
AVGO,2022-05-18,-8.0,-1.31,75,C,False,-14.8
AVGO,2023-04-20,42.42,42.42,72,A,True,-2.4
AVGO,2023-06-21,-1.48,-1.48,87,B,False,-3.8
AVGO,2023-07-21,-8.0,-2.7,95,A,False,-1.5
AVGO,2023-09-20,37.84,37.84,84,B,False,-9.5
AVGO,2023-10-19,41.28,41.28,99,B,False,-5.5
AVGO,2023-11-17,26.12,26.12,95,A,False,0.0
AVGO,2023-12-19,18.79,18.79,95,A,False,-0.2
AVGO,2024-01-22,0.75,0.75,99,A,False,0.0
AVGO,2024-03-21,-8.0,23.04,96,A,False,-3.8
AVGO,2024-04-22,34.17,34.17,93,C,False,-12.6
AVGO,2024-05-21,18.86,18.86,90,A,False,-2.6
AVGO,2024-06-21,-8.0,3.83,90,B,False,-9.3
AVGO,2024-07-23,-8.0,10.27,86,C,False,-10.2
AVGO,2024-09-20,27.6,27.6,88,B,False,-5.8
AVGO,2024-10-21,-8.0,33.85,89,B,False,-3.2
AVGO,2024-11-19,26.09,26.09,70,C,False,-11.1
AVGO,2024-12-19,-8.0,-13.28,87,C,False,-12.7
AVGO,2025-01-23,-8.0,-21.46,92,A,False,-3.6
AVGO,2025-03-25,-8.0,40.91,71,C,False,-24.3
AVGO,2025-06-25,28.43,28.43,84,B,False,0.0
AVGO,2025-07-25,18.85,18.85,93,A,True,0.0
AVGO,2025-08-25,15.82,15.82,89,B,False,-5.9
AVGO,2025-09-24,3.15,3.15,99,B,False,-8.0
AMD,2020-10-16,-8.0,7.55,99,B,False,-9.8
AMD,2020-11-16,5.86,5.86,90,B,False,-9.2
AMD,2020-12-16,-8.0,-18.37,99,A,False,-0.3
AMD,2021-01-19,-8.0,-11.38,88,B,False,-8.0
AMD,2021-11-16,-8.0,-22.8,98,A,False,0.0
AMD,2021-12-16,-8.0,-18.16,74,C,False,-14.4
AMD,2022-01-18,-8.0,-26.53,77,C,False,-18.5
AMD,2023-06-21,-8.0,-10.5,78,C,False,-18.4
AMD,2023-07-21,-8.0,-7.71,74,C,False,-16.5
AMD,2023-11-17,36.2,36.2,76,B,False,-6.6
AMD,2023-12-19,27.49,27.49,97,A,False,0.0
AMD,2024-01-22,-8.0,-11.62,99,A,False,-3.5
AMD,2024-02-21,-8.0,0.23,97,B,False,-8.9
AMD,2024-03-21,-8.0,-9.77,90,C,False,-15.5
AMD,2024-04-22,3.61,3.61,87,C,False,-29.7
AMD,2025-07-25,-8.0,41.16,73,C,False,-21.2
TSLA,2020-12-16,-8.0,5.15,99,A,False,-4.2
TSLA,2021-01-19,-8.0,-14.87,99,A,False,-4.0
TSLA,2021-03-19,-8.0,-4.82,99,C,False,-25.8
TSLA,2021-04-20,-8.0,-8.14,99,C,False,-18.6
TSLA,2021-08-18,53.08,53.08,84,C,False,-22.0
TSLA,2021-09-17,22.05,22.05,74,C,False,-14.0
TSLA,2021-10-18,18.43,18.43,98,A,False,-1.5
TSLA,2021-11-16,-8.0,-12.45,99,C,False,-14.2
TSLA,2021-12-16,-8.0,-2.32,70,C,False,-24.6
TSLA,2022-02-16,-8.0,-23.13,72,C,False,-24.9
TSLA,2022-04-19,-8.0,-27.78,74,C,False,-16.4
TSLA,2022-09-19,-8.0,-51.39,83,C,False,-24.6
TSLA,2024-11-19,-4.47,-4.47,83,B,False,-1.1
TSLA,2024-12-19,-8.0,-33.94,99,B,False,-9.1
TSLA,2025-01-23,-8.0,-37.07,99,C,False,-14.1
TSLA,2025-05-23,-8.0,2.14,87,C,False,-29.3
TSLA,2025-08-25,12.84,12.84,72,C,True,-27.8
TSLA,2025-09-24,-8.0,9.66,99,B,False,-7.7
ARM,2024-07-02,-8.0,-16.75,99,B,False,-6.1
ARM,2024-10-30,-8.0,0.81,99,C,False,-17.2
ARM,2025-02-03,-8.0,-21.65,85,C,False,-16.5
PLTR,2021-09-16,-8.0,-34.13,99,C,False,-26.6
PLTR,2023-06-20,-8.0,-4.05,99,C,False,-13.1
PLTR,2023-07-20,-8.0,0.41,99,B,False,-5.3
PLTR,2023-10-18,-8.0,-2.44,99,C,False,-14.0
PLTR,2023-11-16,-8.0,18.36,99,A,False,-1.1
PLTR,2023-12-18,-8.0,37.72,99,C,False,-16.4
PLTR,2024-02-20,-8.0,-7.61,99,B,False,-7.9
PLTR,2024-05-20,49.49,49.49,90,C,False,-18.3
PLTR,2024-06-20,44.09,44.09,84,B,False,-3.4
PLTR,2024-07-22,-8.0,50.98,92,A,False,-0.7
PLTR,2024-08-20,89.54,89.54,99,A,False,-0.6
PLTR,2024-09-19,94.16,94.16,99,A,False,0.0
PLTR,2024-10-18,78.89,78.89,99,A,False,-1.3
PLTR,2024-11-18,65.44,65.44,99,B,False,-6.9
PLTR,2024-12-18,-8.0,35.3,99,B,False,-6.3
PLTR,2025-02-21,-8.0,20.66,99,C,False,-18.7
PLTR,2025-03-24,-8.0,48.04,99,C,False,-22.4
PLTR,2025-04-23,53.6,53.6,99,C,False,-19.1
PLTR,2025-06-24,-8.0,27.45,99,A,False,0.0
PLTR,2025-08-22,-1.89,-1.89,99,C,False,-15.1
PLTR,2025-09-23,-8.0,6.26,99,A,False,-2.4
NFLX,2020-10-16,-8.0,-5.47,77,B,False,-4.6
NFLX,2023-06-21,-8.99,-8.99,99,C,False,-25.2
NFLX,2023-07-21,-8.0,-6.02,91,C,False,-10.5
NFLX,2023-09-20,-8.0,28.14,79,C,False,-19.1
NFLX,2023-10-19,20.89,20.89,82,C,False,-15.9
NFLX,2023-12-19,25.79,25.79,76,B,False,0.0
NFLX,2024-02-21,13.48,13.48,76,B,False,-3.4
NFLX,2024-04-22,15.9,15.9,78,C,False,-12.8
NFLX,2024-05-21,-8.0,7.15,77,A,True,0.0
NFLX,2024-06-21,-8.0,2.17,74,B,False,0.0
NFLX,2024-08-21,24.99,24.99,70,B,False,-0.2
NFLX,2024-09-20,28.67,28.67,73,B,False,-0.8
NFLX,2024-10-21,27.56,27.56,77,B,False,0.0
NFLX,2024-11-19,13.45,13.45,79,B,False,0.0
NFLX,2024-12-19,-8.0,10.56,83,B,False,-3.7
NFLX,2025-01-23,-8.0,11.37,92,A,False,0.0
NFLX,2025-02-24,-8.0,19.92,82,B,False,-6.6
NFLX,2025-03-25,-8.0,27.87,85,B,False,-5.8
NFLX,2025-04-24,7.62,7.62,99,A,False,0.0
NFLX,2025-06-25,-8.0,-5.59,94,A,False,-0.3
NFLX,2025-07-25,-5.67,-5.67,83,C,False,-11.8
NFLX,2025-08-25,-8.0,-14.36,81,B,True,-9.0
NFLX,2025-09-24,-8.0,-22.34,78,C,False,-10.1
MU,2020-12-16,24.0,24.0,71,B,False,-0.5
MU,2021-01-19,-8.0,2.32,89,B,False,0.0
MU,2021-03-19,-8.0,-14.98,96,A,False,-4.5
MU,2021-04-20,-8.0,-13.82,91,B,False,-8.5
MU,2021-05-19,-8.0,-11.65,75,C,False,-16.4
MU,2024-01-22,-8.0,22.4,74,B,False,0.0
MU,2024-03-21,27.15,27.15,84,B,False,0.0
MU,2024-04-22,4.79,4.79,86,C,False,-14.8
MU,2024-06-21,-8.0,-34.8,99,B,False,-9.1
MU,2024-07-23,-8.0,-4.42,77,C,False,-25.5
MU,2025-09-24,70.95,70.95,94,A,False,-4.3
MRVL,2020-10-16,-8.0,25.42,92,A,False,-3.9
MRVL,2020-11-16,16.68,16.68,76,B,False,-4.0
MRVL,2020-12-16,-8.0,3.86,80,B,False,-2.9
MRVL,2021-01-19,-8.0,-14.71,91,A,False,0.0
MRVL,2021-02-18,-8.0,-11.7,94,B,False,-7.3
MRVL,2021-03-19,-8.0,15.61,88,C,False,-13.7
MRVL,2021-08-18,27.75,27.75,73,B,False,-6.5
MRVL,2021-10-18,15.71,15.71,75,B,False,0.0
MRVL,2021-11-16,-8.0,-2.26,83,B,False,0.0
MRVL,2021-12-16,-8.0,-14.61,87,B,False,-8.7
MRVL,2022-01-18,-8.0,-17.82,72,C,False,-15.1
MRVL,2022-02-16,-8.0,-23.63,73,C,False,-21.2
MRVL,2022-03-18,-8.0,-35.4,76,C,False,-22.0
MRVL,2023-10-19,-8.0,38.46,78,C,False,-23.0
MRVL,2024-01-22,-8.0,-10.24,87,B,False,-1.4
MRVL,2024-04-22,8.85,8.85,81,C,False,-26.0
MRVL,2024-05-21,-8.0,-2.59,70,C,False,-13.8
MRVL,2024-12-19,-8.0,-34.28,91,C,False,-12.6
MRVL,2025-01-23,-8.0,-54.47,97,A,False,0.0
MRVL,2025-02-24,-8.0,-37.94,72,C,False,-22.3
KLAC,2020-12-16,12.72,12.72,74,A,True,-2.4
KLAC,2021-01-19,-8.0,1.82,94,A,False,0.0
KLAC,2021-02-18,-8.0,-6.24,92,A,False,-3.3
KLAC,2021-03-19,4.28,4.28,91,C,False,-12.9
KLAC,2021-04-20,-8.0,-4.78,87,C,False,-10.2
KLAC,2021-05-19,4.81,4.81,71,C,False,-14.1
KLAC,2021-09-17,-8.0,7.71,85,B,False,-0.6
KLAC,2023-01-19,-8.0,-6.26,74,B,False,-8.5
KLAC,2023-04-20,22.46,22.46,77,C,False,-14.2
KLAC,2023-10-19,34.35,34.35,86,B,False,-9.4
KLAC,2023-11-17,19.99,19.99,72,B,False,-0.2
KLAC,2024-01-22,1.92,1.92,74,B,False,0.0
KLAC,2024-02-21,17.61,17.61,76,B,False,-1.4
KLAC,2024-03-21,-8.0,14.74,84,B,False,-1.4
KLAC,2024-04-22,27.72,27.72,78,C,False,-12.4
KLAC,2024-05-21,-8.0,8.3,79,B,False,-1.0
KLAC,2024-06-21,-8.0,-6.9,81,B,False,-5.4
KLAC,2024-07-23,-8.0,-16.44,79,B,False,-9.5
KLAC,2024-08-21,-8.0,-25.36,72,B,False,-7.1
KLAC,2025-09-24,-8.0,18.92,73,B,False,-0.2
LRCX,2020-11-16,31.86,31.86,77,B,False,0.0
LRCX,2020-12-16,10.2,10.2,91,A,False,-3.6
LRCX,2021-01-19,-8.0,5.95,99,A,False,0.0
LRCX,2021-02-18,-8.0,4.48,92,A,False,-2.4
LRCX,2021-03-19,13.2,13.2,99,B,False,-9.2
LRCX,2021-04-20,-8.0,-0.77,99,B,False,-8.2
LRCX,2021-05-19,-5.24,-5.24,92,B,False,-9.9
LRCX,2021-09-17,-8.0,10.74,82,B,False,-8.7
LRCX,2023-04-20,18.77,18.77,81,C,False,-26.6
LRCX,2023-07-21,-3.18,-3.18,73,B,False,-5.5
LRCX,2023-09-20,26.55,26.55,72,C,False,-13.9
LRCX,2023-10-19,38.85,38.85,87,C,False,-16.3
LRCX,2023-11-17,29.14,29.14,72,B,False,-2.6
LRCX,2023-12-19,26.08,26.08,79,B,False,0.0
LRCX,2024-01-22,4.37,4.37,85,B,False,0.0
LRCX,2024-02-21,7.11,7.11,83,B,False,-2.6
LRCX,2024-03-21,-8.0,7.1,87,B,False,-1.0
LRCX,2024-04-22,10.76,10.76,79,C,False,-12.5
LRCX,2024-05-21,-8.0,-9.24,72,A,True,-2.9
LRCX,2024-06-21,-8.0,-26.16,77,B,False,-3.6
LRCX,2025-09-24,36.73,36.73,88,B,False,-2.7
AMAT,2020-12-16,29.96,29.96,80,A,True,-1.3
AMAT,2021-01-19,-8.0,17.96,99,A,False,0.0
AMAT,2021-02-18,10.23,10.23,94,A,False,-4.2
AMAT,2021-03-19,14.45,14.45,99,B,False,-6.5
AMAT,2021-04-20,-8.0,2.81,99,C,False,-10.1
AMAT,2021-05-19,2.24,2.24,99,C,False,-12.8
AMAT,2021-07-20,1.18,1.18,89,B,False,-7.6
AMAT,2021-08-18,24.16,24.16,79,C,False,-10.8
AMAT,2021-09-17,-8.0,4.36,99,A,False,-2.3
AMAT,2021-10-18,14.5,14.5,89,B,False,-7.5
AMAT,2021-11-16,-8.0,-10.56,90,A,False,0.0
AMAT,2023-04-20,19.55,19.55,70,C,False,-30.7
AMAT,2023-06-21,0.44,0.44,70,C,False,-17.0
AMAT,2023-08-21,-8.0,0.1,74,B,False,-2.5
AMAT,2023-09-20,18.77,18.77,70,C,False,-11.1
AMAT,2023-10-19,25.46,25.46,84,C,False,-12.7
AMAT,2024-01-22,12.76,12.76,70,B,False,0.0
AMAT,2024-02-21,15.48,15.48,74,B,False,-4.5
AMAT,2024-03-21,-8.0,11.88,79,B,False,-0.9
AMAT,2024-04-22,16.15,16.15,76,C,False,-11.0
AMAT,2024-05-21,-8.0,-4.69,79,B,False,-0.1
AMAT,2024-06-21,-8.0,-18.22,79,B,False,-5.0
AMAT,2024-07-23,-8.0,-15.86,72,C,False,-13.9
ASML,2020-12-16,16.09,16.09,74,A,True,0.0
ASML,2021-01-19,-8.0,12.27,90,A,False,0.0
ASML,2021-02-18,-8.0,8.61,91,A,False,-3.4
ASML,2021-03-19,22.94,22.94,94,B,False,-9.2
ASML,2021-04-20,11.2,11.2,88,B,False,-4.5
ASML,2021-05-19,22.46,22.46,85,B,False,-6.0
ASML,2021-07-20,15.23,15.23,73,B,False,-4.5
ASML,2021-08-18,11.69,11.69,87,B,False,-2.9
ASML,2021-09-17,-8.0,-11.97,99,A,False,-3.3
ASML,2021-10-18,-9.03,-9.03,87,C,False,-11.4
ASML,2023-04-20,9.76,9.76,79,C,False,-26.9
ASML,2024-03-21,-8.0,4.84,76,B,False,-5.4
ASML,2024-06-21,-8.0,-23.14,71,B,False,-3.0
MPWR,2020-10-16,24.32,24.32,96,A,False,-1.8
MPWR,2020-11-16,23.01,23.01,81,C,False,-14.3
MPWR,2020-12-16,-8.0,3.51,87,B,False,-7.0
MPWR,2021-02-18,-8.0,-14.77,91,B,False,-6.8
MPWR,2021-09-17,-4.31,-4.31,88,B,False,-1.1
MPWR,2023-11-17,32.41,32.41,72,B,False,-8.1
MPWR,2023-12-19,-8.0,6.46,82,B,False,-0.3
MPWR,2024-01-22,-5.64,-5.64,80,B,False,0.0
MPWR,2024-02-21,-8.0,6.2,70,B,False,-5.1
MPWR,2024-05-21,25.36,25.36,78,B,False,-1.2
MPWR,2024-06-21,-8.0,8.05,75,B,False,-3.1
MPWR,2024-07-23,-8.0,4.49,80,B,False,-4.8
MPWR,2024-08-21,-8.0,-38.06,82,B,False,0.0
MPWR,2024-09-20,-8.0,-33.81,86,B,False,-5.9
MPWR,2024-10-21,-8.0,-20.72,90,B,False,-6.6
MCHP,2020-12-16,8.37,8.37,75,B,False,-4.3
MCHP,2021-01-19,-8.0,-2.05,78,B,False,-0.0
MCHP,2021-02-18,-8.0,-5.87,73,B,False,-4.0
MCHP,2021-03-19,-2.69,-2.69,93,B,False,-7.7
NXPI,2021-01-19,-8.0,11.11,74,B,False,-2.8
NXPI,2021-02-18,-8.0,5.19,74,B,False,-4.9
NXPI,2021-03-19,-8.0,-4.16,97,A,False,-3.0
ONTO,2020-12-16,27.29,27.29,72,B,False,-0.7
ONTO,2021-01-19,16.94,16.94,88,B,False,0.0
ONTO,2021-02-18,-8.0,-2.75,91,A,False,-2.9
ONTO,2021-03-19,13.87,13.87,99,B,False,-9.4
ONTO,2021-05-19,9.61,9.61,80,C,False,-14.7
ONTO,2021-06-18,12.4,12.4,92,B,False,-8.5
ONTO,2021-08-18,35.95,35.95,77,C,False,-14.3
ONTO,2021-09-17,-8.0,18.02,99,A,True,-3.1
ONTO,2021-11-16,1.11,1.11,96,A,False,-1.9
ONTO,2021-12-16,-8.0,-0.69,83,B,False,-7.6
ONTO,2022-01-18,-8.0,-23.47,80,C,False,-11.3
ONTO,2022-02-16,-8.0,-20.63,77,C,False,-13.1
ONTO,2023-05-19,13.64,13.64,71,B,False,-5.2
ONTO,2023-06-21,15.96,15.96,77,B,False,-5.6
ONTO,2023-07-21,14.37,14.37,70,B,False,-9.0
ONTO,2023-08-21,18.26,18.26,78,B,False,-8.2
ONTO,2023-09-20,-8.0,21.32,88,C,False,-11.6
ONTO,2023-10-19,-8.0,38.42,98,C,False,-15.3
ONTO,2023-11-17,24.44,24.44,82,B,False,-5.6
ONTO,2024-01-22,1.8,1.8,99,A,False,0.0
ONTO,2024-02-21,37.29,37.29,94,B,False,-7.8
ONTO,2024-03-21,18.24,18.24,88,B,False,-6.9
ONTO,2024-04-22,24.09,24.09,94,C,False,-13.1
ONTO,2024-05-21,-8.0,-6.43,99,A,False,-1.3
ONTO,2024-06-21,-8.0,-7.62,89,B,False,-7.4
ONTO,2024-07-23,-8.0,-1.35,86,C,False,-11.0
ACLS,2021-01-19,-8.0,4.95,88,B,False,0.0
ACLS,2021-02-18,-8.0,1.2,72,A,True,-5.0
ACLS,2021-03-19,0.05,0.05,99,C,False,-10.2
ACLS,2021-04-20,-8.0,-13.25,92,C,False,-17.0
ACLS,2021-09-17,26.72,26.72,89,B,False,-5.4
ACLS,2021-10-18,32.74,32.74,96,A,False,-3.9
ACLS,2021-11-16,-8.0,11.41,99,A,False,0.0
ACLS,2021-12-16,30.01,30.01,99,C,False,-10.1
ACLS,2022-01-18,-8.0,-11.7,95,C,False,-14.2
ACLS,2022-02-16,-8.0,-20.23,99,B,False,-6.9
ACLS,2022-03-18,-8.0,-35.42,99,A,False,0.0
ACLS,2022-07-20,-8.0,-21.55,99,C,False,-21.6
ACLS,2022-08-18,-8.0,-1.06,98,B,False,-8.9
ACLS,2022-11-16,63.91,63.91,80,B,False,-9.9
ACLS,2022-12-16,63.88,63.88,99,B,False,-5.9
ACLS,2023-01-19,27.66,27.66,99,A,False,-3.8
ACLS,2023-02-17,16.12,16.12,99,B,False,-5.4
ACLS,2023-03-21,-8.0,24.29,99,A,True,0.0
ACLS,2023-05-19,21.07,21.07,99,A,False,-2.0
ACLS,2023-06-21,-1.71,-1.71,99,B,False,-8.3
ACLS,2023-07-21,-8.0,-16.86,99,B,False,-8.7
ACLS,2023-09-20,-8.0,-16.47,99,C,False,-18.7
FORM,2020-11-16,17.25,17.25,85,B,False,0.0
FORM,2020-12-16,1.11,1.11,99,A,False,-4.4
FORM,2021-01-19,-8.0,-6.68,99,A,False,0.0
FORM,2021-02-18,-8.0,-28.25,92,B,False,-6.8
FORM,2021-03-19,-8.0,-23.05,99,C,False,-14.2
FORM,2023-11-17,4.25,4.25,85,B,False,-5.3
FORM,2023-12-19,8.94,8.94,75,B,False,-1.2
FORM,2024-05-21,-8.0,-12.83,88,B,False,0.0
FORM,2024-06-21,-8.0,-24.18,84,B,False,-3.4
FORM,2024-07-23,-8.0,-26.77,84,B,False,-3.2
CRWD,2020-11-16,81.83,81.83,99,C,False,-13.9
CRWD,2020-12-16,8.25,8.25,99,A,False,-0.1
CRWD,2021-01-19,-8.0,-6.9,99,A,False,-5.0
CRWD,2021-02-18,-8.0,-16.94,99,A,False,-1.3
CRWD,2021-03-19,-8.0,25.83,99,C,False,-19.7
CRWD,2021-04-20,-8.0,22.09,99,C,True,-14.8
CRWD,2021-05-19,17.65,17.65,99,C,False,-18.0
CRWD,2021-06-18,7.42,7.42,97,A,False,0.0
CRWD,2021-08-18,12.29,12.29,92,C,False,-13.1
CRWD,2021-09-17,-8.0,-23.87,86,B,False,-8.1
CRWD,2021-10-18,-8.0,-39.43,89,B,False,-0.4
CRWD,2021-11-16,-8.0,-30.18,94,C,False,-10.5
CRWD,2023-11-17,41.18,41.18,79,B,False,-0.4
CRWD,2023-12-19,27.53,27.53,99,A,False,-0.7
CRWD,2024-01-22,-3.18,-3.18,99,A,False,0.0
CRWD,2024-02-21,19.48,19.48,99,C,False,-12.6
CRWD,2024-05-21,-8.0,-21.79,99,A,False,0.0
CRWD,2024-06-21,-8.0,-21.22,99,A,False,-2.5
CRWD,2024-11-19,10.88,10.88,72,B,False,-9.9
CRWD,2025-02-24,-8.0,16.31,70,C,False,-14.0
CRWD,2025-06-25,-8.0,-3.59,72,B,False,0.0
CRWD,2025-07-25,-8.0,11.55,80,B,False,-9.0
CRWD,2025-09-24,0.53,0.53,73,B,False,-7.3
SNOW,2023-12-04,-8.0,-11.31,70,B,False,-4.9
SNOW,2024-01-04,-8.0,-16.25,73,B,False,-8.7
SNOW,2024-02-05,-8.0,-24.08,72,B,False,-1.4
SNOW,2025-06-09,-8.0,6.98,80,C,False,-10.7
SNOW,2025-09-09,-0.11,-0.11,99,B,False,-6.4
DDOG,2020-10-16,-8.0,-11.81,99,A,False,-3.9
DDOG,2020-11-16,23.21,23.21,99,C,False,-26.1
DDOG,2020-12-16,-8.0,-19.63,99,C,False,-10.5
DDOG,2021-02-18,-8.0,-21.36,98,B,False,-9.7
DDOG,2021-08-18,45.66,45.66,78,B,False,-2.1
DDOG,2021-09-17,14.62,14.62,83,B,False,-0.7
DDOG,2021-10-18,-8.0,-16.23,81,B,False,0.0
DDOG,2021-11-16,-8.0,-10.01,99,A,False,-1.7
DDOG,2021-12-16,-8.0,-11.15,80,C,False,-16.5
DDOG,2022-02-16,-8.0,-49.36,94,C,False,-11.5
DDOG,2023-12-19,-8.0,0.37,75,B,False,-0.7
DDOG,2024-01-22,-8.0,-8.2,98,A,False,0.0
DDOG,2024-02-21,-8.0,-2.79,70,B,False,-7.6
DDOG,2024-04-22,-8.0,0.93,95,C,False,-10.3
MDB,2020-11-16,65.68,65.68,79,B,False,-10.0
MDB,2020-12-16,-8.0,-10.18,99,A,False,-0.9
MDB,2021-01-19,-8.0,-19.12,99,B,False,-7.1
MDB,2021-03-19,-8.0,26.87,99,C,False,-28.4
MDB,2021-06-18,-8.0,32.02,78,B,False,-9.2
MDB,2021-08-18,59.61,59.61,79,C,False,-13.3
MDB,2021-09-17,-8.0,-5.12,99,A,False,-0.5
MDB,2023-06-21,-5.71,-5.71,92,C,False,-18.7
MDB,2023-07-21,-8.0,-12.64,99,C,False,-10.6
MDB,2023-10-19,-8.0,15.48,99,C,False,-17.0
MDB,2023-11-17,8.9,8.9,99,B,False,-9.0
MDB,2023-12-19,-8.0,-12.11,89,B,False,-5.8
HUBS,2020-11-16,48.61,48.61,99,B,False,-8.4
HUBS,2020-12-16,18.41,18.41,99,A,True,-4.6
HUBS,2021-02-18,-8.0,-5.65,99,A,False,-1.9
HUBS,2021-03-19,32.42,32.42,99,C,False,-17.5
HUBS,2021-05-19,32.79,32.79,99,C,False,-14.8
HUBS,2021-06-18,17.38,17.38,99,A,False,0.0
HUBS,2021-07-20,39.23,39.23,99,B,False,-5.3
HUBS,2021-08-18,31.42,31.42,96,A,False,-2.8
HUBS,2021-09-17,-8.0,-6.6,99,A,True,-1.1
HUBS,2021-10-18,-8.0,-44.3,99,A,False,0.0
HUBS,2021-11-16,-8.0,-36.3,99,A,False,0.0
HUBS,2021-12-16,-8.0,-24.43,71,C,False,-23.6
HUBS,2023-06-21,-0.53,-0.53,90,B,False,-8.7
HUBS,2023-07-21,-8.0,-18.28,94,A,False,-4.3
HUBS,2023-08-21,-8.0,-6.84,76,C,False,-13.4
HUBS,2023-09-20,-8.0,12.34,84,C,False,-13.0
HUBS,2023-11-17,25.74,25.74,70,C,False,-19.3
HUBS,2023-12-19,9.37,9.37,80,B,False,-2.3
HUBS,2024-04-22,-8.0,-22.84,74,B,False,-7.2
APP,2023-08-31,-8.0,-13.28,99,C,False,-25.2
APP,2023-10-31,12.4,12.4,99,C,False,-17.2
APP,2023-11-30,65.07,65.07,99,C,False,-14.8
APP,2024-02-01,76.93,76.93,99,C,False,-12.0
APP,2024-03-04,33.67,33.67,99,A,False,-0.6
APP,2024-05-02,-5.17,-5.17,99,B,False,-7.4
APP,2024-06-03,-8.0,6.57,99,A,False,-4.3
APP,2024-07-03,-8.0,51.06,99,A,False,0.0
APP,2024-09-03,286.46,286.46,99,B,False,-5.1
APP,2024-10-02,160.19,160.19,99,A,False,0.0
APP,2024-12-02,-8.0,-23.77,99,A,False,0.0
APP,2025-07-08,70.27,70.27,99,C,False,-32.4
APP,2025-08-06,55.84,55.84,99,C,False,-23.4
APP,2025-09-05,39.48,39.48,99,A,False,-3.9
TTD,2020-10-16,29.03,29.03,99,B,False,-7.5
TTD,2020-11-16,13.45,13.45,99,B,False,-8.9
TTD,2021-02-18,-8.0,-39.86,99,C,True,-12.8
TTD,2021-03-19,-8.0,-16.97,99,C,False,-24.5
TTD,2021-08-18,-8.0,45.18,82,C,False,-20.8
TTD,2021-11-16,-8.0,-27.53,99,A,False,0.0
TTD,2023-05-19,9.76,9.76,74,C,False,-31.7
TTD,2023-06-21,2.39,2.39,91,C,True,-10.4
TTD,2023-07-21,-8.0,-9.85,98,B,False,-7.2
TTD,2023-10-19,-8.0,-8.54,73,C,False,-16.9
TTD,2024-11-19,-8.0,-37.87,74,B,False,-9.9
TTD,2024-12-19,-8.0,-50.88,73,B,False,-9.5
TTD,2025-01-23,-8.0,-55.29,72,C,False,-14.6
PANW,2020-12-16,-2.0,-2.0,72,B,False,0.0
PANW,2021-03-19,17.31,17.31,82,C,False,-20.2
PANW,2021-09-17,9.94,9.94,87,B,False,-1.8
PANW,2021-11-16,-8.0,0.24,92,A,True,0.0
PANW,2021-12-16,-8.0,10.18,74,B,False,-5.0
PANW,2022-03-18,-8.0,-17.62,85,B,False,-2.9
PANW,2023-06-21,-8.0,-1.52,78,B,False,-3.1
PANW,2023-08-21,2.82,2.82,78,B,False,-6.6
PANW,2023-10-19,36.55,36.55,79,B,False,-3.3
PANW,2023-11-17,5.81,5.81,76,B,False,-5.4
PANW,2023-12-19,-8.0,-6.8,90,A,False,-1.7
PANW,2024-01-22,-8.0,-18.51,99,A,False,0.0
FTNT,2021-02-18,23.8,23.8,70,B,False,0.0
FTNT,2021-03-19,33.91,33.91,79,B,False,-9.1
FTNT,2021-05-19,41.0,41.0,71,B,False,-2.0
FTNT,2021-06-18,28.17,28.17,85,B,False,-1.4
FTNT,2021-07-20,23.84,23.84,93,A,True,0.0
FTNT,2021-08-18,16.5,16.5,99,B,False,-5.4
FTNT,2021-09-17,7.82,7.82,99,B,False,-6.5
FTNT,2021-10-18,-8.0,-5.59,99,A,False,0.0
FTNT,2021-11-16,-8.0,-6.06,99,A,False,-2.9
FTNT,2021-12-16,-8.0,-0.91,99,B,False,-8.0
FTNT,2022-01-18,-8.0,8.66,92,C,False,-16.1
FTNT,2022-03-18,-8.0,-15.93,83,C,False,-13.0
FTNT,2023-07-21,-8.0,-26.09,73,B,False,-2.6
FTNT,2024-11-19,19.72,19.72,80,B,False,-8.4
FTNT,2024-12-19,7.63,7.63,85,B,False,-4.4
FTNT,2025-01-23,-8.0,3.36,81,B,False,-1.8
FTNT,2025-02-24,-8.0,-5.09,81,B,False,-5.1
FTNT,2025-03-25,-8.0,1.57,80,C,False,-10.9
FTNT,2025-04-24,4.07,4.07,84,C,False,-12.1
FTNT,2025-05-23,-8.0,-24.74,83,B,False,-10.0
FTNT,2025-06-25,-8.0,-19.38,82,B,False,-9.5
ZS,2020-10-16,-8.0,36.91,99,A,True,-2.8
ZS,2020-11-16,67.3,67.3,99,C,False,-16.2
ZS,2020-12-16,-8.0,-1.34,99,A,False,-0.9
ZS,2021-01-19,-8.0,-12.23,99,A,False,0.0
ZS,2021-02-18,-8.0,-26.22,99,A,True,-1.4
ZS,2021-03-19,-8.0,20.4,99,C,False,-19.8
ZS,2021-06-18,26.1,26.1,78,B,False,-3.5
ZS,2021-09-17,-8.0,7.11,95,A,False,-4.1
ZS,2021-10-18,-8.0,-13.98,94,A,False,0.0
ZS,2021-11-16,-8.0,-20.6,99,A,False,0.0
ZS,2021-12-16,-8.0,-24.57,72,C,False,-19.9
ZS,2022-02-16,-8.0,-54.4,75,C,False,-23.8
ZS,2023-10-19,-8.0,42.46,73,C,False,-12.7
ZS,2023-11-17,14.11,14.11,72,B,False,-3.2
ZS,2023-12-19,-8.0,-11.59,95,A,False,0.0
ZS,2024-01-22,-8.0,-29.01,99,A,False,0.0
ZS,2024-02-21,-8.0,-17.27,78,C,False,-16.1
ZS,2024-03-21,-8.0,-9.35,77,C,False,-22.3
ZS,2025-05-23,6.12,6.12,76,B,False,-0.3
ZS,2025-06-25,-8.0,-8.83,98,A,False,0.0
ZS,2025-09-24,-8.0,-19.37,81,C,False,-10.1
NET,2020-10-16,-8.0,39.72,99,B,False,-5.2
NET,2020-11-16,28.28,28.28,99,A,False,-1.4
NET,2020-12-16,-8.0,-12.37,99,A,False,-2.7
NET,2021-02-18,-8.0,-14.49,99,C,False,-11.4
NET,2021-04-20,48.75,48.75,99,C,False,-22.5
NET,2021-06-18,29.24,29.24,99,A,False,0.0
NET,2021-08-18,81.45,81.45,99,B,False,-6.8
NET,2021-09-17,-8.0,0.35,99,A,False,-1.6
NET,2021-10-18,-8.0,-48.2,99,A,False,0.0
NET,2023-12-19,-8.0,12.75,84,B,False,0.0
NET,2024-01-22,0.01,0.01,90,A,False,-1.3
NET,2024-02-21,-8.0,-21.78,76,C,False,-11.9
NET,2025-01-23,-8.0,-4.08,72,B,False,0.0
NET,2025-02-24,-8.0,6.78,92,C,False,-16.1
NET,2025-05-23,23.94,23.94,99,C,False,-10.5
NET,2025-06-25,14.44,14.44,99,A,False,0.0
NET,2025-07-25,9.44,9.44,99,A,False,0.0
NET,2025-09-24,-8.0,-7.12,99,A,False,-4.7
WDAY,2023-06-21,8.17,8.17,70,C,False,-14.8
WDAY,2023-07-21,-8.0,-5.24,72,B,False,-9.4
WDAY,2023-09-20,-8.0,15.21,72,B,False,-5.7
WDAY,2024-02-21,-8.0,-13.41,73,B,False,-2.0
ADSK,2020-12-16,-8.0,-10.5,74,A,True,0.0
ADSK,2021-01-19,-8.0,-7.91,75,B,False,-2.9
NOW,2020-11-16,14.64,14.64,80,B,False,-6.1
NOW,2020-12-16,-8.0,-13.61,85,A,True,0.0
NOW,2021-01-19,-8.0,4.11,75,B,False,-8.1
NOW,2023-10-19,34.37,34.37,74,B,False,-7.6
NOW,2023-11-17,14.3,14.3,76,B,False,0.0
NOW,2023-12-19,9.25,9.25,79,B,False,-1.2
NOW,2024-01-22,-4.05,-4.05,80,B,False,0.0
NOW,2024-02-21,-8.0,3.89,76,B,False,-8.0
NOW,2024-03-21,-8.0,-3.08,72,B,False,-4.9
NOW,2024-04-22,-8.0,6.04,71,C,False,-11.2
NOW,2024-09-20,14.67,14.67,70,B,False,0.0
NOW,2024-12-19,-8.0,-19.86,73,B,False,-6.4
NOW,2025-01-23,-8.0,-17.25,71,B,False,-1.2
ADBE,2023-07-21,6.83,6.83,72,B,False,-2.3
ADBE,2023-09-20,12.85,12.85,89,B,False,-5.2
ADBE,2023-10-19,-8.0,8.61,94,A,False,-1.6
ADBE,2023-11-17,-8.0,-10.64,94,A,False,-0.3
ADBE,2023-12-19,-8.0,-15.45,78,B,False,-4.6
ADBE,2024-01-22,-8.0,-22.65,75,B,False,-4.7
TWLO,2020-10-16,-8.0,17.09,99,A,False,-3.4
TWLO,2020-11-16,59.23,59.23,99,C,False,-17.6
TWLO,2020-12-16,-8.0,1.4,99,A,False,0.0
TWLO,2021-02-18,-8.0,-32.72,99,A,False,0.0
TWLO,2021-03-19,-8.0,3.32,99,C,False,-19.8
TWLO,2023-12-19,-8.0,-20.95,74,C,False,-20.7
TWLO,2024-11-19,22.49,22.49,81,B,False,-3.5
TWLO,2024-12-19,-8.0,-0.13,89,B,False,-7.8
TWLO,2025-01-23,-8.0,-17.52,91,A,False,-1.4
TWLO,2025-02-24,-8.0,-3.84,99,C,False,-20.4
TWLO,2025-05-23,-8.0,-7.84,97,C,False,-23.5
TWLO,2025-07-25,-8.0,-15.44,99,C,False,-11.7
AI,2023-05-30,-8.0,-29.97,99,A,False,0.0
AI,2023-06-29,-8.0,-29.92,99,C,False,-22.6
AI,2024-02-29,-8.0,-22.72,99,C,False,-20.3
CLS,2020-11-16,16.25,16.25,75,C,False,-21.9
CLS,2022-02-16,-8.0,-11.46,79,B,False,-2.9
CLS,2022-03-18,-8.0,-22.07,76,B,False,-5.1
CLS,2022-05-18,-8.0,5.34,73,C,False,-14.0
CLS,2023-01-19,-5.89,-5.89,78,B,False,-2.4
CLS,2023-06-21,52.61,52.61,71,B,False,-0.3
CLS,2023-07-21,62.2,62.2,76,B,False,-2.4
CLS,2023-08-21,35.64,35.64,99,B,False,-5.9
CLS,2023-09-20,30.69,30.69,99,B,False,-6.9
CLS,2023-10-19,-8.0,21.46,99,A,False,-4.5
CLS,2023-11-17,32.62,32.62,99,A,False,0.0
CLS,2023-12-19,60.14,60.14,99,A,False,-0.3
CLS,2024-01-22,35.84,35.84,99,A,False,0.0
CLS,2024-02-21,41.51,41.51,99,B,False,-6.7
CLS,2024-03-21,-8.0,18.83,99,A,False,-0.7
CLS,2024-04-22,34.67,34.67,99,C,False,-13.0
CLS,2024-05-21,-8.0,1.96,99,A,False,-0.1
CLS,2024-06-21,-8.0,-12.84,99,B,False,-5.9
CLS,2024-07-23,-8.0,-2.07,99,B,False,-8.5
CLS,2024-10-21,116.87,116.87,88,C,False,-10.4
CLS,2024-11-19,27.71,27.71,99,A,False,0.0
CLS,2024-12-19,-8.0,4.64,99,B,False,-6.2
CLS,2025-01-23,-8.0,-25.04,99,A,False,-0.3
CLS,2025-02-24,-8.0,7.75,99,C,False,-22.8
CLS,2025-05-23,61.47,61.47,99,C,False,-16.8
CLS,2025-06-25,61.34,61.34,99,A,False,0.0
CLS,2025-07-25,66.1,66.1,99,A,True,0.0
CLS,2025-09-24,26.2,26.2,99,B,False,-6.7
VRT,2020-11-16,15.17,15.17,87,B,False,-4.1
VRT,2020-12-16,9.07,9.07,85,B,True,-5.8
VRT,2021-01-19,5.68,5.68,89,B,False,0.0
VRT,2021-02-18,-8.0,11.55,75,B,False,-1.9
VRT,2021-04-20,24.7,24.7,76,B,False,-3.1
VRT,2021-06-18,-8.0,-9.15,78,A,True,-1.6
VRT,2021-07-20,-8.0,-14.51,80,B,False,-1.6
VRT,2021-08-18,-8.0,-0.41,72,B,False,-4.2
VRT,2023-06-21,61.6,61.6,99,A,False,-4.1
VRT,2023-07-21,45.72,45.72,99,A,False,-3.9
VRT,2023-08-21,23.44,23.44,99,A,False,-3.2
VRT,2023-09-20,32.67,32.67,99,B,False,-6.9
VRT,2023-10-19,42.92,42.92,99,C,False,-10.5
VRT,2023-11-17,35.33,35.33,99,A,False,-0.7
VRT,2023-12-19,66.88,66.88,99,A,False,-0.4
VRT,2024-01-22,42.37,42.37,99,A,False,-0.4
VRT,2024-02-21,69.37,69.37,99,B,False,-9.9
VRT,2024-03-21,-8.0,10.39,99,A,False,0.0
VRT,2024-04-22,19.66,19.66,99,C,False,-11.9
VRT,2024-05-21,-8.0,-21.3,99,B,False,-5.2
VRT,2024-06-21,-8.0,4.36,99,C,False,-14.6
VRT,2024-07-23,-8.0,23.23,99,C,False,-14.3
VRT,2024-09-20,22.14,22.14,99,C,False,-10.9
VRT,2024-10-21,36.95,36.95,99,A,True,-1.9
VRT,2024-11-19,-8.0,-35.4,99,A,False,0.0
VRT,2024-12-19,-8.0,-20.63,99,C,False,-18.4
VRT,2025-01-23,-8.0,-45.33,99,A,False,0.0
VRT,2025-07-25,-8.0,33.3,90,C,False,-10.4
VRT,2025-08-25,27.88,27.88,96,C,False,-18.5
VRT,2025-09-24,17.44,17.44,80,B,False,-7.6
RKLB,2021-09-13,-8.0,-17.14,80,C,False,-25.7
RKLB,2024-09-16,231.34,231.34,92,B,False,-7.1
RKLB,2024-11-13,47.32,47.32,99,A,False,0.0
RKLB,2024-12-13,-8.0,-23.1,99,C,False,-10.5
RKLB,2025-02-18,-8.0,-6.99,99,C,False,-12.1
RKLB,2025-05-19,58.6,58.6,99,C,False,-18.3
RKLB,2025-06-18,69.41,69.41,99,C,False,-11.8
RKLB,2025-07-21,-8.0,40.43,99,B,False,-8.2
RKLB,2025-09-18,-8.0,14.37,99,C,False,-12.7
DKNG,2020-11-16,36.39,36.39,99,C,False,-33.0
DKNG,2021-03-19,-8.0,-33.23,99,A,False,0.0
DKNG,2021-04-20,-8.0,-17.75,99,C,False,-22.6
DKNG,2023-05-19,13.19,13.19,99,C,False,-27.8
DKNG,2023-06-21,20.56,20.56,99,B,False,-8.4
DKNG,2023-08-21,40.6,40.6,80,C,False,-15.7
DKNG,2023-10-19,36.87,36.87,99,C,False,-14.4
DKNG,2023-11-17,-8.0,6.2,99,A,False,0.0
DKNG,2023-12-19,-8.0,34.13,99,B,False,-8.3
DKNG,2024-01-22,6.88,6.88,99,A,False,-2.7
DKNG,2024-02-21,6.45,6.45,93,B,False,-8.6
DKNG,2024-03-21,-8.0,-12.43,99,A,False,0.0
DKNG,2024-04-22,-8.0,-6.83,91,C,False,-16.7
DKNG,2024-06-21,-8.0,-6.45,73,C,False,-13.7
MSTR,2020-11-16,354.95,354.95,79,B,False,0.0
MSTR,2020-12-16,159.78,159.78,99,C,False,-12.7
MSTR,2021-01-19,-8.0,9.16,99,B,False,-6.1
MSTR,2021-02-18,-8.0,-50.97,99,C,False,-27.1
MSTR,2023-07-21,-8.0,-21.6,93,C,False,-16.0
MSTR,2023-09-20,71.32,71.32,82,C,False,-29.2
MSTR,2023-10-19,37.34,37.34,79,C,False,-25.9
MSTR,2023-11-17,38.37,38.37,99,A,False,-4.5
MSTR,2023-12-19,-8.0,179.94,99,A,False,-4.7
MSTR,2024-01-22,181.59,181.59,95,C,False,-31.4
MSTR,2024-02-21,146.05,146.05,99,C,False,-12.6
MSTR,2024-03-21,-8.0,-7.22,99,C,False,-10.3
MSTR,2024-06-21,-8.0,-2.42,99,C,False,-22.7
MSTR,2024-07-23,-8.0,27.22,99,C,False,-10.3
MSTR,2024-08-21,-8.0,204.44,99,C,False,-26.3
MSTR,2024-09-20,125.49,125.49,99,C,False,-24.6
MSTR,2024-10-21,70.34,70.34,99,A,False,0.0
MSTR,2024-11-19,-8.0,-34.32,99,A,False,0.0
MSTR,2024-12-19,-8.0,4.7,99,C,False,-31.1
MSTR,2025-03-25,-8.0,13.71,99,C,False,-27.9
MSTR,2025-04-24,15.86,15.86,99,C,False,-26.1
MSTR,2025-05-23,-8.0,-7.12,99,C,False,-22.0
MSTR,2025-06-25,-8.0,-16.82,99,C,False,-18.0
MSTR,2025-07-25,-8.0,-29.8,99,C,False,-14.3
UPST,2021-10-04,-8.0,-50.08,99,C,False,-13.8
UPST,2021-11-02,-8.0,-69.26,99,C,False,-11.8
UPST,2024-12-05,-8.0,-36.45,99,B,False,-9.4
UPST,2025-07-11,-8.0,-30.75,99,C,False,-14.8
FRPT,2020-11-16,21.5,21.5,99,A,False,-3.9
FRPT,2020-12-16,13.56,13.56,99,B,False,-6.2
FRPT,2021-01-19,17.94,17.94,99,A,False,-2.5
FRPT,2021-02-18,-8.0,5.55,98,B,False,-7.5
FRPT,2021-03-19,7.02,7.02,99,C,False,-13.1
FRPT,2021-05-19,-8.0,-24.72,90,B,False,-8.9
FRPT,2021-06-18,-8.0,-7.74,74,C,False,-13.2
FRPT,2023-08-21,-8.0,-9.81,82,C,False,-32.0
FRPT,2023-12-19,33.57,33.57,71,B,False,0.0
FRPT,2024-01-22,19.85,19.85,74,A,True,-0.3
FRPT,2024-05-21,-8.0,4.84,97,A,False,-1.6
FRPT,2024-06-21,-8.0,8.99,94,A,False,-1.2
FRPT,2024-07-23,14.04,14.04,87,C,False,-11.5
FRPT,2024-11-19,-8.0,-31.21,91,A,False,-0.0
FRPT,2024-12-19,-8.0,-39.02,70,B,False,-9.8
FRPT,2025-01-23,-8.0,-52.46,78,B,False,-0.4
COIN,2023-10-30,74.18,74.18,97,C,False,-33.2
COIN,2023-11-29,-8.0,60.98,99,A,False,-0.4
COIN,2023-12-29,-8.0,41.35,99,B,False,-6.7
COIN,2024-01-31,-8.0,63.88,99,C,False,-31.2
COIN,2024-03-01,9.79,9.79,99,A,False,0.0
COIN,2024-04-02,-8.0,-7.46,99,C,False,-12.1
COIN,2024-05-31,-8.0,-18.84,99,C,False,-19.2
COIN,2024-07-02,-8.0,-27.47,99,C,False,-18.7
COIN,2024-08-01,-8.0,-0.42,99,C,False,-24.0
COIN,2024-10-30,-8.0,34.32,99,C,False,-24.3
COIN,2024-11-29,-8.0,-24.9,99,B,False,-9.0
COIN,2025-07-07,-8.0,6.42,99,A,False,-4.8
HOOD,2023-12-14,-8.0,50.62,78,B,False,-7.9
HOOD,2024-02-15,33.38,33.38,98,A,False,0.0
HOOD,2024-03-18,-8.0,22.19,99,A,True,0.0
HOOD,2024-05-16,-8.0,11.62,99,C,False,-11.1
HOOD,2024-06-17,-8.0,1.75,99,B,False,-6.1
HOOD,2024-07-18,-8.0,17.96,99,B,False,-7.3
HOOD,2024-08-16,61.26,61.26,99,C,False,-18.9
HOOD,2024-09-17,90.81,90.81,99,B,False,-8.1
HOOD,2024-10-16,-8.0,78.8,99,A,False,-0.3
HOOD,2024-11-14,83.83,83.83,99,A,False,-2.4
HOOD,2024-12-16,-8.0,1.06,99,A,False,0.0
HOOD,2025-01-17,-8.0,-17.24,99,A,False,0.0
HOOD,2025-02-19,-8.0,9.59,99,B,False,-9.3
HOOD,2025-03-20,-8.0,79.8,99,C,False,-33.1
HOOD,2025-05-20,62.29,62.29,99,A,False,-0.6
HOOD,2025-07-22,33.33,33.33,99,B,False,-7.2
HOOD,2025-08-20,8.51,8.51,99,B,False,-8.4
HOOD,2025-09-19,-8.0,-6.11,99,A,False,0.0
PYPL,2020-10-16,-8.0,20.93,96,A,True,-3.0
PYPL,2020-11-16,51.51,51.51,83,B,False,-9.9
PYPL,2021-01-19,-8.0,6.95,99,A,False,0.0
PYPL,2021-02-18,-8.0,-15.88,99,A,False,-4.6
PYPL,2021-05-19,9.9,9.9,74,C,False,-19.7
GS,2021-02-18,16.1,16.1,73,B,False,-0.9
GS,2021-03-19,1.69,1.69,92,A,False,-1.3
GS,2021-04-20,10.28,10.28,79,B,False,-4.9
GS,2021-05-19,11.65,11.65,88,B,False,-3.4
GS,2021-06-18,12.77,12.77,79,C,False,-10.9
GS,2021-07-20,13.97,13.97,73,B,False,-6.8
GS,2021-08-18,1.57,1.57,84,B,False,-3.9
GS,2021-09-17,2.05,2.05,81,B,False,-6.3
GS,2021-10-18,-8.0,-13.88,86,B,False,-1.0
GS,2021-12-16,-8.0,-12.57,70,B,False,-5.8
GS,2024-11-19,8.23,8.23,72,B,False,-3.5
GS,2025-01-23,-8.0,-14.3,75,B,False,0.0
GS,2025-02-24,-8.0,-3.93,76,B,False,-6.9
GS,2025-03-25,-8.0,14.89,71,C,False,-12.4
GS,2025-06-25,18.93,18.93,74,B,False,0.0
GS,2025-07-25,3.54,3.54,73,A,True,0.0
GS,2025-08-25,5.33,5.33,71,A,True,-1.1
GS,2025-09-24,14.35,14.35,76,B,False,-1.7
MS,2021-01-19,-8.0,3.6,77,B,False,-1.9
MS,2021-03-19,1.82,1.82,99,A,False,-1.7
MS,2021-04-20,19.95,19.95,85,B,False,-8.4
MS,2021-05-19,18.54,18.54,90,A,False,-2.3
MS,2021-06-18,21.89,21.89,76,C,False,-10.5
MS,2021-07-20,10.65,10.65,76,B,False,-1.7
MS,2021-08-18,0.13,0.13,86,B,False,-3.3
MS,2021-09-17,-0.74,-0.74,84,A,True,-3.5
MS,2021-10-18,-6.66,-6.66,87,B,False,-3.8
MS,2021-11-16,1.16,1.16,72,B,False,-3.9
MS,2024-11-19,-8.0,-1.06,74,B,False,-1.4
MS,2025-01-23,-8.0,-15.55,74,B,False,-0.1
MS,2025-02-24,-8.0,-2.22,75,B,False,-7.9
MS,2025-03-25,-8.0,10.88,70,C,False,-11.3
MS,2025-06-25,15.43,15.43,70,B,False,-1.6
MS,2025-08-25,7.78,7.78,70,B,False,-0.6
MS,2025-09-24,14.39,14.39,72,B,False,-1.8
BAC,2021-04-20,-0.61,-0.61,72,B,False,-4.9
BAC,2021-05-19,-8.0,-2.4,81,A,True,-1.8
BAC,2021-10-18,0.44,0.44,82,B,False,-0.2
AXP,2021-05-19,5.06,5.06,70,B,False,-2.7
AXP,2021-07-20,4.97,4.97,75,B,False,-2.7
AXP,2021-08-18,11.87,11.87,71,B,False,-6.6
AXP,2021-10-18,-8.0,-5.79,71,B,False,0.0
AXP,2022-02-16,-8.0,-21.09,75,B,False,0.0
AXP,2024-04-22,6.28,6.28,72,B,False,0.0
AXP,2024-09-20,9.24,9.24,71,B,False,0.0
AXP,2024-11-19,3.74,3.74,72,B,False,-3.3
AXP,2024-12-19,-8.0,-4.48,72,B,False,-4.1
AXP,2025-01-23,-8.0,-17.69,78,B,False,0.0
SCHW,2021-01-19,-8.0,7.88,76,B,False,-3.2
SCHW,2021-02-18,15.28,15.28,80,B,False,0.0
SCHW,2021-04-20,6.95,6.95,78,B,False,-6.5
SCHW,2021-05-19,1.35,1.35,90,A,False,-2.8
SCHW,2021-06-18,1.1,1.1,83,B,False,-8.1
SCHW,2021-07-20,18.85,18.85,81,C,False,-10.6
SCHW,2021-10-18,14.67,14.67,89,B,False,-0.4
SCHW,2021-11-16,9.42,9.42,71,A,True,-1.9
SCHW,2021-12-16,-8.0,7.51,70,B,False,0.0
SCHW,2022-01-18,-8.0,-16.38,74,B,False,-3.5
SCHW,2022-02-16,-8.0,-28.95,70,B,False,-6.3
SCHW,2025-07-25,-2.26,-2.26,70,B,False,0.0
SCHW,2025-08-25,-5.64,-5.64,70,B,False,-2.5
COST,2021-12-16,-8.0,1.73,71,B,False,-2.3
COST,2022-03-18,-8.0,-20.3,82,B,False,-1.0
COST,2022-04-19,-8.0,-11.65,83,B,False,-2.3
COST,2022-07-20,-8.0,-9.56,77,C,False,-13.6
COST,2022-08-18,-8.0,-6.4,73,B,True,-7.4
COST,2024-05-21,10.21,10.21,73,A,True,0.0
COST,2024-06-21,7.07,7.07,72,A,True,-2.6
BKNG,2023-03-21,2.82,2.82,76,B,False,-4.9
BKNG,2023-05-19,-8.0,10.37,72,B,False,-0.6
BKNG,2023-07-21,-4.72,-4.72,73,B,False,-2.0
BKNG,2023-08-21,-8.0,2.73,74,B,False,-5.9
BKNG,2023-09-20,-8.0,14.55,75,B,False,-5.4
BKNG,2023-10-19,25.88,25.88,70,C,False,-14.1
BKNG,2023-11-17,19.32,19.32,71,B,False,-3.3
BKNG,2023-12-19,4.04,4.04,81,B,False,0.0
BKNG,2024-11-19,1.62,1.62,70,B,False,-1.7
BKNG,2025-08-25,-8.0,-16.26,70,B,False,-1.9
MELI,2020-10-16,50.48,50.48,99,A,False,0.0
MELI,2020-11-16,47.02,47.02,99,C,False,-13.4
MELI,2020-12-16,-8.0,-13.22,99,A,True,0.0
MELI,2021-01-19,-8.0,-19.85,99,A,False,0.0
MELI,2023-03-21,-0.78,-0.78,85,C,False,-28.6
MELI,2023-05-19,-8.0,-6.28,89,B,False,-3.4
MELI,2023-06-21,-8.0,9.53,95,B,False,-9.6
MELI,2023-12-19,-8.0,-4.56,88,B,False,-1.3
MELI,2024-01-22,-8.0,-22.1,82,B,False,0.0
MELI,2024-02-21,-8.0,1.97,74,B,False,-3.2
MELI,2024-09-20,-8.0,-20.81,72,B,False,-1.7
MELI,2024-10-21,-8.0,-12.94,83,B,False,-1.8
MELI,2025-03-25,-8.0,15.94,72,B,False,-3.0
MELI,2025-06-25,-8.0,-1.16,90,A,False,-2.5
SHOP,2020-11-16,50.62,50.62,99,C,False,-19.0
SHOP,2021-02-18,-8.0,-15.47,99,B,False,-6.1
SHOP,2021-05-19,27.24,27.24,70,C,False,-20.6
SHOP,2021-06-18,1.32,1.32,72,B,False,-0.5
SHOP,2021-11-16,-8.0,-55.42,85,B,False,0.0
SHOP,2023-07-21,-8.0,-20.95,96,C,False,-29.1
SHOP,2023-08-21,-8.0,26.72,80,C,False,-30.9
SHOP,2023-09-20,-8.0,37.53,85,C,False,-19.0
SHOP,2023-11-17,10.61,10.61,83,B,False,-2.9
SHOP,2023-12-19,-8.0,1.58,96,A,False,0.0
SHOP,2024-01-22,-8.0,-12.1,99,A,False,-1.4
SHOP,2024-02-21,-8.0,-24.57,82,C,False,-16.7
SHOP,2024-04-22,-8.0,-11.18,79,C,False,-22.2
SHOP,2024-11-19,10.41,10.41,84,B,False,-9.1
SHOP,2024-12-19,-8.0,2.57,75,C,False,-10.4
SHOP,2025-02-24,-8.0,-12.1,84,C,False,-10.7
SHOP,2025-03-25,-8.0,3.71,79,C,False,-15.1
SHOP,2025-05-23,38.44,38.44,85,C,False,-21.5
SHOP,2025-09-24,13.91,13.91,89,B,False,-5.3
UBER,2020-11-16,19.89,19.89,82,B,False,0.0
UBER,2020-12-16,13.05,13.05,85,B,False,-8.0
UBER,2021-01-19,-8.0,-1.46,94,B,False,-5.2
UBER,2021-02-18,-8.0,-16.15,91,B,False,-6.6
UBER,2021-04-20,-8.0,-16.51,89,C,False,-12.2
UBER,2023-05-19,13.91,13.91,88,C,False,-11.8
UBER,2023-06-21,9.12,9.12,99,A,False,-2.2
UBER,2023-07-21,-8.0,-9.55,99,A,False,-0.4
UBER,2023-10-19,51.1,51.1,83,C,False,-13.6
UBER,2023-11-17,40.41,40.41,87,B,False,0.0
UBER,2023-12-19,29.19,29.19,99,A,False,-1.0
UBER,2024-02-21,-8.0,-16.31,99,B,False,-6.1
UBER,2024-03-21,-8.0,-12.51,99,A,False,-1.4
UBER,2024-04-22,-2.12,-2.12,99,C,False,-15.2
UBER,2024-05-21,-8.0,14.87,72,C,False,-21.4
UBER,2024-10-21,-8.0,-15.11,74,B,False,-6.8
UBER,2025-05-23,8.44,8.44,72,B,False,-5.1
UBER,2025-06-25,7.57,7.57,74,B,False,-1.7
ABNB,2023-08-01,-8.0,-21.46,79,C,False,-20.2
ABNB,2024-01-31,8.34,8.34,76,B,False,-6.0
ABNB,2024-03-01,-8.0,-9.26,79,B,False,0.0
DUOL,2023-03-15,25.98,25.98,95,C,False,-34.6
DUOL,2023-05-15,-8.74,-8.74,99,A,False,-3.1
DUOL,2023-06-14,-8.0,2.05,99,B,False,-7.3
DUOL,2023-07-17,-8.0,1.02,99,B,False,-5.1
DUOL,2023-09-14,-8.0,47.5,92,B,False,-5.4
DUOL,2023-10-13,-8.0,31.4,87,B,False,-8.8
DUOL,2023-11-13,-8.0,-11.14,99,A,False,0.0
DUOL,2023-12-13,-8.0,-7.18,99,A,True,0.0
DUOL,2024-02-14,-8.0,-6.47,99,C,False,-21.4
DUOL,2024-03-15,-8.0,-7.95,99,C,False,-10.3
DUOL,2024-08-15,59.84,59.84,96,C,False,-18.7
DUOL,2024-09-16,44.47,44.47,87,B,False,-6.0
DUOL,2024-11-13,36.47,36.47,99,A,False,-1.1
DUOL,2024-12-13,-8.0,-10.93,89,B,False,-9.4
DUOL,2025-01-16,-8.0,-4.48,95,B,False,-8.4
DUOL,2025-02-18,-8.0,17.86,99,A,False,0.0
DUOL,2025-05-19,-8.0,-34.52,99,A,False,-3.8
DUOL,2025-06-18,-8.0,-39.49,99,C,False,-11.5
ELF,2020-10-16,-8.0,14.22,82,B,False,-3.5
ELF,2020-11-16,13.36,13.36,80,B,False,0.0
ELF,2021-01-19,-8.0,23.16,86,B,False,-4.8
ELF,2021-04-20,-8.0,-11.94,99,A,False,-1.1
ELF,2021-05-19,-8.0,-2.49,81,B,False,-7.0
ELF,2022-08-18,37.74,37.74,99,A,True,0.0
ELF,2022-09-19,39.08,39.08,98,A,False,-2.4
ELF,2022-10-18,25.83,25.83,99,A,False,0.0
ELF,2022-11-16,39.17,39.17,99,A,False,0.0
ELF,2022-12-16,-8.0,35.23,99,A,True,-2.4
ELF,2023-01-19,81.03,81.03,99,B,False,-9.3
ELF,2023-03-21,50.01,50.01,99,A,False,-1.2
ELF,2023-04-20,-8.0,17.09,99,A,False,0.0
ELF,2023-05-19,32.89,32.89,99,B,False,-7.1
ELF,2023-06-21,-5.22,-5.22,99,A,False,0.0
ELF,2023-07-21,-8.0,-6.18,99,B,False,-6.6
ELF,2023-08-21,-8.0,-5.45,99,C,False,-11.0
ELF,2023-09-20,-8.0,44.37,99,C,False,-23.8
ELF,2023-10-19,-8.0,46.93,99,C,False,-24.5
ELF,2023-11-17,52.71,52.71,99,C,False,-18.6
ELF,2023-12-19,-8.0,35.91,99,A,False,0.0
ELF,2024-01-22,4.94,4.94,99,B,False,-6.1
ELF,2024-02-21,-8.0,-7.75,99,A,False,-1.7
ELF,2024-03-21,-8.0,-0.68,99,A,False,-4.6
ELF,2024-04-22,9.89,9.89,84,C,False,-25.7
ELF,2024-05-21,-8.0,7.01,85,C,False,-26.9
CELH,2020-10-16,232.44,232.44,99,C,False,-17.5
CELH,2020-11-16,-8.0,72.4,99,A,False,0.0
CELH,2021-01-19,-8.0,-20.37,99,A,False,0.0
CELH,2021-03-19,41.47,41.47,99,C,False,-33.6
CELH,2021-05-19,26.57,26.57,99,C,False,-23.0
CELH,2021-06-18,42.63,42.63,99,C,False,-20.2
CELH,2021-07-20,41.82,41.82,99,C,False,-20.0
CELH,2021-08-18,17.22,17.22,99,C,False,-17.2
CELH,2021-09-17,-8.0,-31.7,99,A,False,-3.1
CELH,2021-10-18,-8.0,-48.91,99,B,False,-5.7
CELH,2021-11-16,-8.0,-24.65,99,C,False,-26.4
CELH,2022-08-18,-8.0,-2.19,99,B,False,-5.1
CELH,2022-11-16,-8.0,-5.79,99,C,False,-13.3
CELH,2022-12-16,-8.0,-18.01,99,B,False,-8.0
CELH,2023-01-19,-8.0,-7.96,99,C,False,-17.3
CELH,2023-02-17,-8.0,38.83,93,C,False,-19.8
CELH,2023-05-19,34.82,34.82,99,A,False,-1.3
CELH,2023-06-21,29.15,29.15,99,B,False,-6.0
CELH,2023-07-21,19.91,19.91,94,B,False,-6.4
CELH,2023-08-21,-8.0,-15.55,99,A,False,-3.0
CELH,2023-09-20,-8.0,-15.68,99,C,False,-11.6
CELH,2023-10-19,-8.0,-8.11,99,C,False,-16.2
CELH,2024-02-21,56.82,56.82,82,C,False,-10.6
CELH,2024-04-22,-8.0,-31.98,99,C,False,-27.4
CELH,2024-05-21,-8.0,-56.98,99,A,False,-0.2
WING,2020-11-16,7.36,7.36,81,C,False,-19.8
WING,2020-12-16,-8.0,-4.05,75,C,True,-15.4
WING,2022-09-19,-8.0,13.9,75,C,False,-23.6
WING,2022-12-16,-8.0,19.75,99,C,False,-12.9
WING,2023-02-17,19.41,19.41,99,A,False,-2.1
WING,2023-03-21,3.99,3.99,99,A,False,0.0
WING,2023-04-20,-1.5,-1.5,99,A,False,0.0
WING,2023-06-21,-8.0,-8.37,99,C,False,-11.9
WING,2023-11-17,34.85,34.85,72,B,False,0.0
WING,2023-12-19,36.83,36.83,80,A,True,0.0
WING,2024-01-22,25.95,25.95,99,A,False,0.0
WING,2024-02-21,22.71,22.71,99,A,False,-4.4
WING,2024-03-21,19.25,19.25,97,B,False,-6.1
WING,2024-04-22,8.63,8.63,99,A,False,-4.3
WING,2024-06-21,-8.0,1.31,99,A,False,-3.3
WING,2024-07-23,-8.0,-4.27,94,C,False,-10.2
WING,2024-09-20,-8.0,-30.79,97,A,False,-2.0
WING,2024-10-21,-8.0,-21.62,77,C,False,-14.0
CVNA,2020-11-16,40.66,40.66,99,C,False,-11.8
CVNA,2021-01-19,-8.0,-4.5,99,B,False,-7.4
CVNA,2021-03-19,-8.0,9.32,99,C,False,-14.5
CVNA,2021-04-20,-8.0,23.88,99,C,False,-16.6
CVNA,2021-06-18,12.16,12.16,93,B,True,-6.5
CVNA,2021-07-20,-8.0,-11.19,90,A,False,0.0
CVNA,2021-11-16,-8.0,-53.91,75,C,False,-18.7
CVNA,2023-12-19,-8.0,46.67,99,A,False,0.0
CVNA,2024-02-21,132.85,132.85,99,C,False,-17.4
CVNA,2024-07-23,48.32,48.32,99,C,False,-11.0
CVNA,2024-09-20,28.26,28.26,99,A,False,0.0
CVNA,2024-10-21,26.96,26.96,99,A,False,-1.0
CVNA,2024-12-19,-8.0,-0.59,99,C,False,-14.5
CVNA,2025-01-23,-8.0,-3.33,99,B,False,-6.8
CVNA,2025-02-24,-8.0,41.02,99,C,False,-24.4
CVNA,2025-03-25,-8.0,42.45,99,C,False,-22.3
CVNA,2025-05-23,19.08,19.08,99,A,False,-0.5
CVNA,2025-06-25,18.7,18.7,99,B,False,-8.6
CVNA,2025-07-25,2.98,2.98,99,B,False,-7.1
CVNA,2025-08-25,-8.0,-14.43,99,B,False,-7.2
CVNA,2025-09-24,-8.0,16.69,99,A,False,-4.4
LLY,2021-10-18,3.72,3.72,73,C,False,-12.4
LLY,2021-12-16,-8.0,3.51,71,B,False,0.0
LLY,2022-03-18,1.47,1.47,77,B,False,0.0
LLY,2022-05-18,7.64,7.64,90,A,False,-5.0
LLY,2022-06-17,5.22,5.22,82,C,False,-10.1
LLY,2022-07-20,4.38,4.38,87,B,False,-2.9
LLY,2022-08-18,11.74,11.74,71,B,False,-4.2
LLY,2022-09-19,18.28,18.28,79,B,False,-7.7
LLY,2022-10-18,5.08,5.08,91,A,False,0.0
LLY,2022-11-16,-6.65,-6.65,84,B,False,-4.0
LLY,2022-12-16,-8.0,-7.7,81,B,False,-4.0
LLY,2023-01-19,-8.0,7.1,84,B,False,-6.3
LLY,2023-05-19,24.61,24.61,79,B,False,0.0
LLY,2023-06-21,26.02,26.02,74,B,False,-0.2
LLY,2023-08-21,7.77,7.77,99,A,False,0.0
LLY,2023-09-20,1.97,1.97,99,A,False,-4.9
LLY,2023-10-19,6.98,6.98,92,A,False,-4.2
LLY,2023-11-17,26.28,26.28,84,B,False,-4.3
LLY,2023-12-19,33.08,33.08,75,B,False,-6.2
LLY,2024-01-22,16.13,16.13,82,A,True,-1.9
LLY,2024-02-21,7.86,7.86,98,A,False,-4.6
LLY,2024-03-21,14.95,14.95,95,A,False,-2.8
LLY,2024-04-22,20.3,20.3,83,B,False,-7.7
LLY,2024-05-21,18.69,18.69,79,B,False,0.0
LLY,2024-06-21,-8.0,4.4,90,A,False,-0.9
LLY,2024-07-23,-8.0,3.31,85,B,False,-7.6
LLY,2024-08-21,-8.0,-23.22,74,B,False,0.0
VRTX,2022-04-19,-8.0,1.05,78,B,False,-2.9
VRTX,2022-05-18,16.62,16.62,77,C,False,-13.3
VRTX,2022-06-17,8.38,8.38,90,B,False,-9.6
VRTX,2022-07-20,5.14,5.14,90,A,True,-3.0
VRTX,2022-09-19,6.89,6.89,89,B,False,-6.7
VRTX,2022-10-18,2.59,2.59,99,A,False,-1.8
VRTX,2022-11-16,-3.86,-3.86,95,A,False,-2.8
VRTX,2022-12-16,-0.7,-0.7,85,B,False,-5.2
VRTX,2023-01-19,6.89,6.89,79,B,False,-4.2
REGN,2020-10-16,-8.0,-10.98,70,B,False,-8.9
REGN,2022-04-19,-8.0,-16.98,76,B,False,-3.1
REGN,2022-05-18,-8.0,-5.21,73,C,False,-10.8
REGN,2022-10-18,-0.99,-0.99,86,A,True,-4.0
REGN,2022-11-16,1.78,1.78,70,B,False,-3.2
REGN,2022-12-16,5.06,5.06,75,B,False,-5.6
REGN,2023-01-19,11.53,11.53,76,B,False,-6.6
REGN,2023-02-17,1.38,1.38,71,B,False,-4.4
ISRG,2023-04-20,13.2,13.2,70,C,False,-18.6
ISRG,2023-06-21,-8.0,-9.82,77,B,False,-5.3
ISRG,2023-07-21,-8.0,-18.78,74,B,False,-5.1
ISRG,2023-09-20,-8.0,14.99,72,C,False,-17.7
ISRG,2024-02-21,5.75,5.75,74,B,False,-2.8
ISRG,2024-10-21,17.31,17.31,79,B,False,-0.4
ISRG,2024-11-19,9.69,9.69,75,B,False,0.0
ISRG,2025-01-23,-8.0,-16.52,72,B,False,-0.3
ISRG,2025-02-24,-8.0,-8.71,70,B,False,-3.2
AMGN,2022-10-18,4.65,4.65,80,B,False,-1.0
AMGN,2022-11-16,-8.0,-14.49,85,B,False,-2.3
AMGN,2022-12-16,-8.0,-12.12,76,B,False,-7.9
TMO,2020-10-16,8.33,8.33,72,B,False,0.0
TMO,2020-11-16,-8.0,1.67,70,B,False,-8.8
DHR,2020-10-16,3.89,3.89,75,B,False,0.0
DHR,2020-11-16,3.46,3.46,71,B,False,-6.4
DHR,2021-09-17,-8.0,-1.79,70,B,False,-2.4
SPOT,2020-11-16,44.35,44.35,85,C,False,-15.7
SPOT,2020-12-16,-8.0,-14.57,99,B,False,-7.2
SPOT,2021-01-19,-8.0,-15.18,99,B,False,-9.4
SPOT,2021-02-18,-8.0,-37.92,99,A,False,-0.1
SPOT,2023-06-21,-8.0,3.1,99,C,False,-33.6
SPOT,2023-07-21,-8.0,-12.66,89,B,False,-4.5
SPOT,2023-10-19,37.14,37.14,82,C,False,-16.6
SPOT,2023-12-19,36.06,36.06,99,A,False,-4.3
SPOT,2024-01-22,32.37,32.37,97,A,False,0.0
SPOT,2024-02-21,24.42,24.42,99,A,False,-0.5
SPOT,2024-04-22,21.51,21.51,99,C,False,-12.3
SPOT,2024-06-21,-8.0,14.93,96,A,False,-2.7
SPOT,2024-07-23,15.47,15.47,94,A,False,0.0
SPOT,2024-08-21,34.96,34.96,99,A,False,-0.7
SPOT,2024-09-20,24.37,24.37,96,A,False,0.0
SPOT,2024-10-21,31.29,31.29,99,A,False,-0.5
SPOT,2024-11-19,29.7,29.7,99,A,False,-2.9
SPOT,2025-02-24,-8.0,8.68,99,B,False,-7.2
SPOT,2025-03-25,-8.0,19.55,99,B,False,-5.0
SPOT,2025-04-24,14.38,14.38,99,B,False,-6.5
SPOT,2025-05-23,6.27,6.27,99,A,False,-1.6
SPOT,2025-07-25,-8.0,-2.78,97,C,False,-10.7
